{
  "environment": {
    "python_version": "3.12.10",
    "platform": "Windows-11-10.0.26200-SP0",
    "processor": "AMD64 Family 25 Model 68 Stepping 1, AuthenticAMD",
    "numpy_version": "2.2.6",
    "torch_version": "2.11.0+cpu",
    "cupy_version": "13.4.1"
  },
  "results": [
    {
      "warmup": 3,
      "runs": 10,
      "mean_seconds": 0.0005025900201871992,
      "median_seconds": 0.0004909500712528825,
      "min_seconds": 0.00047980016097426414,
      "max_seconds": 0.000569900032132864,
      "all_seconds": [
        0.000569900032132864,
        0.0005326999817043543,
        0.0005051998887211084,
        0.0004984999541193247,
        0.00047980016097426414,
        0.0004906000103801489,
        0.0004849000833928585,
        0.0004913001321256161,
        0.000484999967738986,
        0.0004879999905824661
      ],
      "case": "tensor_add",
      "framework": "neural_kernel",
      "shape": [
        512,
        512
      ]
    },
    {
      "warmup": 3,
      "runs": 10,
      "mean_seconds": 0.0004980499856173992,
      "median_seconds": 0.0004938499769195914,
      "min_seconds": 0.0004843000788241625,
      "max_seconds": 0.000546199968084693,
      "all_seconds": [
        0.0004964000545442104,
        0.000546199968084693,
        0.0004974000621587038,
        0.0005089000333100557,
        0.00048489985056221485,
        0.0004873999860137701,
        0.00048729986883699894,
        0.000494800042361021,
        0.0004843000788241625,
        0.0004928999114781618
      ],
      "case": "tensor_mul",
      "framework": "neural_kernel",
      "shape": [
        512,
        512
      ]
    },
    {
      "warmup": 3,
      "runs": 10,
      "mean_seconds": 0.0002959999721497297,
      "median_seconds": 0.0002940000267699361,
      "min_seconds": 0.0002625999040901661,
      "max_seconds": 0.0003237000200897455,
      "all_seconds": [
        0.0002707999665290117,
        0.0002625999040901661,
        0.0003237000200897455,
        0.0003123998176306486,
        0.00029450003057718277,
        0.0003092000260949135,
        0.0002935000229626894,
        0.00031940010376274586,
        0.0002818999346345663,
        0.0002919998951256275
      ],
      "case": "linear_forward",
      "framework": "neural_kernel",
      "batch_size": 32,
      "in_features": 512,
      "out_features": 512
    },
    {
      "warmup": 3,
      "runs": 10,
      "mean_seconds": 0.0013845700304955244,
      "median_seconds": 0.0013837500009685755,
      "min_seconds": 0.0012058001011610031,
      "max_seconds": 0.001591100124642253,
      "all_seconds": [
        0.0012058001011610031,
        0.0014579000417143106,
        0.0014090000186115503,
        0.001591100124642253,
        0.0013222999405115843,
        0.0013009000103920698,
        0.0014049999881535769,
        0.001280799973756075,
        0.001362500013783574,
        0.001510400092229247
      ],
      "case": "linear_backward",
      "framework": "neural_kernel",
      "batch_size": 32,
      "in_features": 512,
      "out_features": 512
    },
    {
      "warmup": 3,
      "runs": 10,
      "mean_seconds": 8.104005828499795e-05,
      "median_seconds": 8.055008947849274e-05,
      "min_seconds": 7.780012674629688e-05,
      "max_seconds": 8.470006287097931e-05,
      "all_seconds": [
        8.470006287097931e-05,
        8.439994417130947e-05,
        8.180015720427036e-05,
        8.360017091035843e-05,
        7.980014197528362e-05,
        7.899990305304527e-05,
        7.780012674629688e-05,
        7.859990000724792e-05,
        8.130003698170185e-05,
        7.940013892948627e-05
      ],
      "case": "layernorm_forward",
      "framework": "neural_kernel",
      "batch_size": 32,
      "normalized_shape": 512
    },
    {
      "warmup": 3,
      "runs": 10,
      "mean_seconds": 0.0002616300480440259,
      "median_seconds": 0.00022350007202476263,
      "min_seconds": 0.00020730006508529186,
      "max_seconds": 0.0006371000781655312,
      "all_seconds": [
        0.0006371000781655312,
        0.00022860011085867882,
        0.00021769991144537926,
        0.00022859987802803516,
        0.00021080020815134048,
        0.00020730006508529186,
        0.00020730006508529186,
        0.0002231001853942871,
        0.0002319000195711851,
        0.00022389995865523815
      ],
      "case": "layernorm_backward",
      "framework": "neural_kernel",
      "batch_size": 32,
      "normalized_shape": 512
    },
    {
      "warmup": 3,
      "runs": 10,
      "mean_seconds": 0.0016636600019410252,
      "median_seconds": 0.001575700007379055,
      "min_seconds": 0.0013276999816298485,
      "max_seconds": 0.0025413001421839,
      "all_seconds": [
        0.0015334999188780785,
        0.0017689000815153122,
        0.001532800029963255,
        0.0014032998587936163,
        0.0016179000958800316,
        0.0025413001421839,
        0.0017407999839633703,
        0.001787699991837144,
        0.0013826999347656965,
        0.0013276999816298485
      ],
      "case": "multihead_attention_forward",
      "framework": "neural_kernel",
      "batch_size": 8,
      "seq_len": 32,
      "d_model": 128,
      "num_heads": 4
    },
    {
      "warmup": 3,
      "runs": 10,
      "mean_seconds": 0.008377140015363693,
      "median_seconds": 0.007976550026796758,
      "min_seconds": 0.007094400003552437,
      "max_seconds": 0.0123197000939399,
      "all_seconds": [
        0.0078038000501692295,
        0.008469699881970882,
        0.008465900085866451,
        0.008976999903097749,
        0.007478100014850497,
        0.00744509999640286,
        0.008149300003424287,
        0.007094400003552437,
        0.0123197000939399,
        0.007568400120362639
      ],
      "case": "multihead_attention_backward",
      "framework": "neural_kernel",
      "batch_size": 8,
      "seq_len": 32,
      "d_model": 128,
      "num_heads": 4
    },
    {
      "warmup": 3,
      "runs": 10,
      "mean_seconds": 0.0032094999914988875,
      "median_seconds": 0.0031862501055002213,
      "min_seconds": 0.003004400059580803,
      "max_seconds": 0.003548000007867813,
      "all_seconds": [
        0.003191400086507201,
        0.0032915000338107347,
        0.003548000007867813,
        0.0032211998477578163,
        0.0031526999082416296,
        0.0031411999370902777,
        0.003004400059580803,
        0.0032285000197589397,
        0.0031811001244932413,
        0.0031349998898804188
      ],
      "case": "transformer_block_forward",
      "framework": "neural_kernel",
      "batch_size": 8,
      "seq_len": 32,
      "d_model": 128,
      "num_heads": 4,
      "d_ff": 256
    },
    {
      "warmup": 3,
      "runs": 10,
      "mean_seconds": 0.015607459982857109,
      "median_seconds": 0.014652649988420308,
      "min_seconds": 0.013787099858745933,
      "max_seconds": 0.020554699935019016,
      "all_seconds": [
        0.014484299812465906,
        0.017617400037124753,
        0.014507299987599254,
        0.014126300113275647,
        0.01745210005901754,
        0.014797999989241362,
        0.0138349998742342,
        0.020554699935019016,
        0.013787099858745933,
        0.014912400161847472
      ],
      "case": "transformer_block_backward",
      "framework": "neural_kernel",
      "batch_size": 8,
      "seq_len": 32,
      "d_model": 128,
      "num_heads": 4,
      "d_ff": 256
    }
  ]
}